ham,num_system_qubits,num_ancilla,time,segments,replication_seed,n_circuits,n_shots,depth,size,peak_MB,runtime,exact_eig,most_likely_bs,est_energy_med,est_energy_mean,est_energy_std,est_energy_min,est_energy_max,estimation_error,alpha,counts
exact_ham_exact_qdritf,2,10,5.4765625,1,42,1,1024,4113,4168,206.453125,15.612538542001857,0.7853981633974483,1010111101,-0.36188816943990837,-0.36188816943990837,0.0,-0.36188816943990837,-0.36188816943990837,1.1472863328373566,0.7853981633974483,"{""1010111101"": 1024}"
exact_ham_exact_qdritf,2,10,3.0625,1,42,1,1024,4113,4168,201.8125,15.730021541006863,0.7853981633974483,0110001000,0.7853981633974483,0.7853981633974483,0.0,0.7853981633974483,0.7853981633974483,0.0,0.7853981633974483,"{""0110001000"": 1024}"
exact_ham_exact_qdritf,2,10,3.9765625,1,42,1,1024,4113,4168,205.015625,15.736385499985772,0.7853981633974483,0111111101,0.7853981633974483,0.7853981633974483,0.0,0.7853981633974483,0.7853981633974483,0.0,0.7853981633974483,"{""0111111101"": 1024}"
exact_ham_exact_qdritf,2,10,6.0,1,42,1,1024,4113,4168,203.21875,15.850933167006588,0.7853981633974483,1100000000,-0.2617993877991494,-0.2617993877991494,0.0,-0.2617993877991494,-0.2617993877991494,1.0471975511965976,0.7853981633974483,"{""1100000000"": 1024}"
exact_ham_exact_qdritf,2,10,1.7109375000000002,1,42,1,1024,4113,4168,218.984375,16.366692499999772,0.7853981633974483,0011011011,0.7853981633974483,0.7853981633974483,0.0,0.7853981633974483,0.7853981633974483,0.0,0.7853981633974483,"{""0011011011"": 1024}"
exact_ham_exact_qdritf,2,10,4.5390625,1,42,1,1024,4113,4168,221.390625,16.5554806250002,0.7853981633974483,1001000101,-0.5988492020397067,-0.5988492020397067,0.0,-0.5988492020397067,-0.5988492020397067,1.384247365437155,0.7853981633974483,"{""1001000101"": 1024}"
exact_ham_exact_qdritf,2,10,4.7265625,1,42,1,1024,4113,4168,220.453125,16.71816795800987,0.7853981633974483,1001011101,-0.5439369098570758,-0.5439369098570758,0.0,-0.5439369098570758,-0.5439369098570758,1.3293350732545242,0.7853981633974483,"{""1001011101"": 1024}"
exact_ham_exact_qdritf,2,10,1.09375,1,42,1,1024,4113,4168,228.1875,16.593262209004024,0.7853981633974483,0010001100,0.7853981633974483,0.7853981633974483,0.0,0.7853981633974483,0.7853981633974483,0.0,0.7853981633974483,"{""0010001100"": 1024}"
exact_ham_exact_qdritf,2,10,2.1015625,1,42,1,1024,4113,4168,230.015625,9.684889792013564,0.7853981633974483,0100001101,0.7853981633974483,0.7853981633974483,0.0,0.7853981633974483,0.7853981633974483,0.0,0.7853981633974483,"{""0100001101"": 1024}"
exact_ham_exact_qdritf,2,10,6.625,1,42,1,1024,4113,4168,234.703125,9.526783332999912,0.7853981633974483,1101010000,-0.16300716598814963,-0.16300716598814963,0.0,-0.16300716598814963,-0.16300716598814963,0.9484053293855979,0.7853981633974483,"{""1101010000"": 1024}"
exact_ham_exact_qdritf,2,10,1.40625,1,42,1,1024,221.15625,17.809307999996236,0.7853981633974483,0010110100,0.7853981633974483,0.7853981633974483,0.0,0.7853981633974483,0.7853981633974483,0.0,0.7853981633974483,15.797902081181782,"{""0010110100"": 1024}"
exact_ham_exact_qdritf,2,10,3.0,1,42,1,1024,219.625,17.86089920901577,0.7853981633974483,0110000000,0.7853981633974483,0.7853981633974483,0.0,0.7853981633974483,0.7853981633974483,0.0,0.7853981633974483,411.99841368861564,"{""0110000000"": 1024}"
exact_ham_exact_qdritf,2,10,5.328124999999999,1,42,1,1024,216.125,17.919556665990967,0.7853981633974483,1010101010,-0.3938506919089844,-0.3938506919089844,0.0,-0.3938506919089844,-0.3938506919089844,1.1792488553064326,0.7853981633974483,28350.977907334574,"{""1010101010"": 1024}"
exact_ham_exact_qdritf,2,10,4.8671875,1,42,1,1024,219.328125,17.980738040991127,0.7853981633974483,1001101111,-0.5055291549315839,-0.5055291549315839,0.0,-0.5055291549315839,-0.5055291549315839,1.2909273183290322,0.7853981633974483,12555.256879398712,"{""1001101111"": 1024}"
exact_ham_exact_qdritf,2,10,7.6875,1,42,1,1024,250.46875,16.16605587498634,0.7853981633974483,1111011000,-0.03192675460965237,-0.03192675460965237,0.0,-0.03192675460965237,-0.03192675460965237,0.8173249180071006,0.7853981633974483,1664625.3239076275,"{""1111011000"": 1024}"
exact_ham_exact_qdritf,2,10,3.7578125,1,42,1,1024,253.015625,16.269559290987672,0.7853981633974483,0111100001,0.7853981633974483,0.7853981633974483,0.0,0.7853981633974483,0.7853981633974483,0.0,0.7853981633974483,1696.9932845682324,"{""0111100001"": 1024}"
exact_ham_exact_qdritf,2,10,6.5234375,1,42,1,1024,250.5625,16.237688041990623,0.7853981633974483,1101000011,-0.17777275794265596,-0.17777275794265596,0.0,-0.17777275794265596,-0.17777275794265596,0.9631709213401043,0.7853981633974483,226933.28487242718,"{""1101000011"": 1024}"
exact_ham_exact_qdritf,2,10,1.2265625,1,42,1,1024,249.625,16.218059124978026,0.7853981633974483,0010011101,0.7853981633974483,0.7853981633974483,0.0,0.7853981633974483,0.7853981633974483,0.0,0.7853981633974483,10.390725620554884,"{""0010011101"": 1024}"
exact_ham_exact_qdritf,2,10,7.7421875,1,42,1,1024,259.15625,8.816180207999423,0.7853981633974483,1111011111,-0.026153521081852465,-0.026153521081852465,0.0,-0.026153521081852465,-0.026153521081852465,0.8115516844793007,0.7853981633974483,1826847.1804479733,"{""1111011111"": 1024}"
exact_ham_exact_qdritf,2,10,4.578125,1,42,1,1024,257.09375,9.011283541010926,0.7853981633974483,1001001010,-0.5870382176929734,-0.5870382176929734,0.0,-0.5870382176929734,-0.5870382176929734,1.3724363810904217,0.7853981633974483,7499.635432059766,"{""1001001010"": 1024}"
